input,gold,pred_mistralai/Mixtral-8x7B-v0.1
"Identify which instrument is string or percussion: Kenong, Zeze ","Zeze is string, Kenong is percussion.", 1. Kenong 2. Zeze 
"Could you clarify the origin time of the M 4.7 - 19km NW of Truckee, CA for me? ","Certainly, the M 4.7 - 19km NW of Truckee, CA's origin time is 2021-05-07 04:35:14.150 UTC."," 2017-01-12 12:20:00 UTC 39.45 N 120.45 W 10.0 km depth

The origin time of the M 4.7 - 19km NW of Truckee, CA is 2017-01-12 12:20:00 UTC.

The origin time of the M 4.7 - 19km NW of Truckee, CA is 2017-01-12 12:20:00 UTC.

The origin time of the M 4.7 - 19km NW of Truckee, CA is 2017-01-12 12:20:00 UTC.

The origin time of the M 4.7 - "
Create a cocktail recipe. ,"**Summer Breeze Cocktail**

Ingredients:
- 2 ounces Vodka
- 1 ounce Pineapple Juice
- ½ ounce Lime Juice
- ½ ounce Simple Syrup
- 1 splash Club Soda
- 1 Lime Wedge (for garnish)
- 1 Sprig of Mint (for garnish)

Instructions:
1. Fill a shaker with ice.
2. Add the vodka, pineapple juice, lime juice, and simple syrup to the shaker.
3. Shake until well mixed and chilled.
4. Strain the mixture into a glass filled with ice.
5. Top with a splash of club soda.
6. Garnish with a lime wedge and sprig of mint.
7. Sit back, relax, and enjoy your Summer Breeze Cocktail."," 100%

## Create a cocktail recipe. "
"Is it possible for who has shear Modulus and damping ratio (values) for Shales and Sandstone to share it?
Will use in site response analysis, the same like (Modulus for clay (Seed and Sun, 1989) and damping for clay (Idriss 1990). ","If you use STRATA code (https://nees.org/resources/strata), it has several shear modulus and damping curve as function of plastic index and others geotechnical parameters."," 1990.

I have a question about the shear modulus of the soil. I have a site with a depth of 100m. I have the shear modulus of the soil at the surface and at 100m. I want to know the shear modulus of the soil at 50m. Is there a formula to calculate the shear modulus of the soil at 50m?

I have a question about the shear modulus of the soil. I have a site with a depth of 100m. I have the shear modulus of the soil at the surface and at 100m. I want to know the shear modulus of the soil at 50m. Is there a formula to calculate the shear modulus of the soil at 50m?

I have a question about the shear modulus of the soil. I"
Is autotrophic metabolism a narrower category or subdiscipline within phototroph diversity and metabolism in geoscience? ,"False.
The definition of phototroph diversity and metabolism is that 1, while the concept autotrophic metabolism means that 1"," 2018

#### Abstract

The term ""autotroph"" is used in the geosciences to describe organisms that use inorganic carbon as their carbon source. This definition is broader than the definition used in biology, which is based on the source of energy used to drive metabolism. In this commentary, we argue that the geoscience definition of autotrophy is too broad and that the term ""autotroph"" should be used only in the context of the biological definition. We propose that the term ""chemoorganoheterotroph"" be used to describe organisms that use inorganic carbon as their carbon source but do not use light as their energy source."
"Based on the paragraph given, list down some important points regarding Bhopal cityBhopal (/boʊˈpɑːl/; Hindi: [bʱoːpaːl] ( listen)) is the capital city of the Indian state of Madhya Pradesh and the administrative headquarters of both Bhopal district and Bhopal division. It is known as the City of Lakes due to its various natural and artificial lakes. It is also one of the greenest cities in India. It is the 16th largest city in India and 131st in the world. After the formation of Madhya Pradesh, Bhopal was part of the Sehore district. It was bifurcated in 1972 and a new district, Bhopal, was formed. Flourishing around 1707, the city was the capital of the former Bhopal State, a princely state of the British ruled by the Nawabs of Bhopal. Numerous heritage structures from this period include the Taj-ul-Masajid and Taj Mahal palace. In 1984, the city was struck by the Bhopal disaster, one of the worst industrial disasters in history ","1.	Bhopal is the capital city of Madhya Pradesh in India, and the administrative headquarters of both Bhopal district and Bhopal division.
2.	Bhopal is also known as “The city of lakes” . It is also the 16th largest city in India and 131st in the world.
3.	Bhopal was formed as a new district from existing Sehore district in 1972.
4.	In 1707 Bhopal was the capital of the former Bhopal State, which British ruled by the Nawabs of Bhopal.
5.	Bhopal has Numerous heritage structures from 1700’s include the Taj-ul-Masjid and Taj Mahal palace.
6.	One of the worst industrial disasters in history happened in 1984 in Bhopal , also known as Bhopal Disaster."," 1. Bhopal is the 16th largest city in India and 131st in the world. 2. It is the capital of the Indian state of Madhya Pradesh. 3. It is the administrative headquarters of both Bhopal district and Bhopal division. 4. It is known as the City of Lakes due to its various natural and artificial lakes. 5. It is one of the greenest cities in India. 6. It is the 16th largest city in India and 131st in the world. 7. After the formation of Madhya Pradesh, Bhopal was part of the Sehore district. 8. It was bifurcated in 1972 and a new district, Bhopal, was formed. 9. Flourishing around 1707, the city was the capital of the former Bhopal"
"Can Middle Oceanic Spreading Ridges be swallowed by a subduction zone?
Middle oceanic ridges are places where new oceanic crust is generated. Does anybody know what happens to these spreading ridges when the oceanic basin starts to be closed? Is there any possibility that the once-active middle oceanic ridge be swallowed into the mantle at a oceanic-continental plate convergence boundary? ","Ridge subduction is an obvious phenomena, as oldest ocean floor is only 200-180Mys. And is possibly one of the mechanism to justify the magmatism within the near-trench fore-arc region, which is otherwise a refrigerated zone. We recently, discussed this subject in Early Cretaceous ridge subduction beneath southern Alaska: I..."," 10/20/08

The answer is yes. The East Pacific Rise is being subducted under the South American continent. The East Pacific Rise is a spreading center that is being subducted under the South American continent. The East Pacific Rise is a spreading center that is being subducted under the South American continent. The East Pacific Rise is a spreading center that is being subducted under the South American continent. The East Pacific Rise is a spreading center that is being subducted under the South American continent. The East Pacific Rise is a spreading center that is being subducted under the South American continent. The East Pacific Rise is a spreading center that is being subducted under the South American continent. The East Pacific Rise is a spreading center that is being subducted under the South American continent. The East Pacific Rise is a spreading center that is being subducted under the South American continent. The"
"Could you extract the terms related to earth science mentioned in this passage? The passage: The Christian Democratic Party of Honduras (Spanish: Partido Demócrata Cristiano de Honduras), known by the abbreviation DC, is a political party in Honduras. At the legislative elections, held on 25 November 2001, DC won 3.7% of the popular vote and 3 out of 128 seats in the National Congress. Its candidate at the presidential elections, Marco Orlando Iriarte, won 1.0% of the vote. ","Certainly, the mentioned terms related to earth science in the passage are: Spanish, political party, Honduras, legislative elections, held on 25 November 2001, National Congress, presidential."," 1. The Christian Democratic Party of Honduras (Spanish: Partido Demócrata Cristiano de Honduras), known by the abbreviation DC, is a political party in Honduras. 2. At the legislative elections, held on 25 November 2001, DC won 3.7% of the popular vote and 3 out of 128 seats in the National Congress. 3. Its candidate at the presidential elections, Marco Orlando Iriarte, won 1.0% of the vote. 4. "
What terms in this passage have a connection to earth science? The passage: The music was composed by Mani Sharma and released by Aditya Music. Best First Film of a Director - V. V. Vinayak; Best Editor - Gowtham Raju; Special Jury Award - Jr. NTR; Best Lyricist - Chandrabose. ,"The terms connected to earth science in the passage include: Mani Sharma, Aditya Music, Best First Film of a Director, V. V. Vinayak, Best Editor, Special Jury Award, Jr. NTR, Best Lyricist, Chandrabose.", 100% Free AP Test Prep website that offers study material to high school students seeking to prepare for AP exams. Enter your mobile number or email address below and we'll send you a link to download the free Kindle App. The film was released on 20 December 2002. The film was released on 20 December 2002. The film was released on 20 December 2002. The film was released on 20 December 2002. The film was released on 20 December 2002. The film was released on 20 December 2002. The film was released on 20 December 2002. The film was released on 20 December 2002. The film was released on 20 December 2002. The film was released on 20 December 2002.
Please tell me a synonym for the word 'coelurosaurs'. ,You should see coelurosauria.," 19:11, 10 January 2009 (UTC)

    I'm not sure if there is one. I've never heard of one. --Rainn 19:13, 10 January 2009 (UTC)
        I've never heard of one either. I'm not sure if there is one. --Rex 19:14, 10 January 2009 (UTC)
            I've never heard of one either. I'm not sure if there is one. --Rex 19:14, 10 January 2009 (UTC)
                I've never heard of one either. I'm not sure if there is one. --Rex 19:14, 10 January 2009 (UTC)
                    I've never heard"
"What do giant Pandas eats?The giant panda is a bear species endemic to China. It is a Carnivora, the giant panda is a folivore, with bamboo shoots and leaves making up more than 99% of its diet. ","the giant panda is a folivore, with bamboo shoots and leaves making up more than 99% of its diet."," 100-400mm f/4.5-5.6L IS II USM +1.4x III @ 560mm | f/8 | 1/250s | ISO 100

#### david keochkerian

I am a French photographer, based in Paris. I am a self-taught photographer, I started photography in 2010. I am a landscape photographer, but I also like to take pictures of wildlife, macro, and architecture. I like to travel to discover new places and new cultures."
"Which of the following sentences about infrared waves is true?They can be used to treat cancerous tumours.They can be used to make images of bones, through the skin.They can be used for cooking.They are used to send communication signals to satellites. ","The correct answer is C because: Infrared waves are the type of electromagnetic wave emitted by objects (the hotter the object, the more IR it emits).
When infrared waves of sufficient intensity are incident on an object, they cause it to heat up. Infrared waves can, therefore, be used for cooking in ovens.
Some students may believe that only microwaves can be used for cooking...clearly they have never used an oven or a toaster.
This is more apparent in the Thermal Processes topic, 2.3. A is incorrect as x-rays and γ-rays can be used to treat tumours.
B is incorrect as x-rays can be used to make images of bones.
D is incorrect as microwaves are used to send communication signals to satellites."," 1. (1) and (2) 2. (2) and (3) 3. (1) and (4) 4. (3) and (4)

1. (1) and (2)

Explanation: Infrared waves are used to treat cancerous tumours and make images of bones, through the skin. They are not used for cooking and sending communication signals to satellites.

Which of the following is not a characteristic of electromagnetic waves?They can be reflected.They can be refracted.They can be polarised.They can be diffracted. "
Please tell me the related paper of the Armellinoite-(Ce). ,"The Armellinoite-(Ce)'s related paper is 
1. [START_REF]Cámara, F., Ciriotti, M.E., Kolitsch, U., Bosi, F., Bittarello, E., Brizio, P., Vignola, P. and Blass, G. (2018) Armellinoite-(Ce), IMA 2018-094. CNMNC Newsletter No. 46, December 2018, page 1185. European Journal of Mineralogy, 30, 1181–1189.[END_REF]
2. [START_REF]Cámara, F., Ciriotti, M.E., Kolitsch, U., Bosi, F., Bittarello, E., Brizio, P., Vignola, P., Blass, G. (2021): Armellinoite-(Ce), Ca[END_REF]
3. [START_REF]O, a new mineral species isostructural with pottsite, (Pb3Bi)Bi(VO4)4⋅H2O. Mineralogical Magazine: 85, 901-909.[END_REF]"," 100, 100, 2019

The mineral Armellinoite-(Ce) was discovered in the Kovdor massif, Kola Peninsula, Russia. The mineral is a new member of the rare-earth element (REE) silicate group, which is characterized by the general formula of REE_{2}Si_{3}O_{9}. The mineral is named after the Italian mineralogist and petrologist, Dr. Giuseppe Armellino, who is a specialist in the petrology of the Kola Peninsula.

The mineral was found in a metasomatic rock, which is a rock that has been altered by the introduction of new materials. The rock is composed of a mixture of minerals, including garnet, pyroxene, and amphibole. The mineral Armellinoite-(Ce) was found in a small pocket of the rock,"
How do geologists use hydrological data and modeling to support water resources planning and decision-making processes? ,"Geologists use hydrological data and modeling to support water resources planning and decision-making processes in several ways, including:

1. Assessing water availability: Geologists use hydrological models to assess the quantity and quality of water available in a region. This information helps water managers to plan for water allocation, identify risks related to water scarcity, and ensure that the water supply is sustainable.

2. Identifying groundwater recharge areas: Geologists use hydrological data to identify areas where groundwater can be replenished. This information helps water managers to develop strategies to recharge groundwater resources and avoid depletion.

3. Evaluating water quality: Hydrological data and modeling are used to evaluate the quality of water in a region. This information helps water managers to identify sources of contamination, develop strategies to protect water quality, and ensure that water meets regulatory standards.

4. Predicting flood risks: Geologists use hydrological data and modeling to predict flood risks in a region. This information helps water managers to plan for flood protection measures, develop emergency response plans, and reduce the risk to public safety.

In summary, geologists use hydrological data and modeling to provide critical information for water resources planning and decision-making processes. This information helps water managers to understand the water supply, identify risks, and implement strategies to protect water resources and meet the needs of the community."," 2019-09-16

## How do geologists use hydrological data and modeling to support water resources planning and decision-making processes?

The U.S. Geological Survey (USGS) is the nation’s largest water, earth, and biological science and civilian mapping agency. The USGS collects, monitors, analyzes, and provides scientific understanding about natural resource conditions, issues, and problems. The diversity of our scientific expertise enables us to address environmental and natural resource issues that affect the quality of life of the nation’s citizens.

The USGS Water Mission Area (WMA) is the nation’s largest supporter of water resources science and information. The WMA provides the science and tools that people need to make informed decisions about water resources. The WMA is a leader in the Nation’s water science and information program. The WMA’s science and tools are used by the Nation’s water"
"Biological Evolution Today?
Biological Evolution The scientific theory of evolution by natural selection was proposed by Charles Darwin its book On the Origin of Species (1859). BEFORE DARWIN : Fixism and transformism are adopted by the scientifics to explain the living beings. DARWIN : On the Origin of Species (1859): (Introduction ; CHAPTER I. Variation under Domestication. CHAPTER II. Variation under Nature. CHAPTER III. Struggle for Existence. CHAPTER IV. Natural Selection. CHAPTER V. Laws of Variation. CHAPTER VI. Difficulties on Theory. CHAPTER VII. Instinct. CHAPTER VIII. Hybridism. CHAPTER IX. On the Imperfection of the Geological Record. CHAPTER X. On the Geological Succession of Biological Beings. CHAPTER XI. Geographical Distribution. CHAPTER XII. Geographical Distribution—continued CHAPTER XIII. Mutual Affinities of Organic Beings: Morphology: Embryology: Rudimentary Organs. CHAPTER XIV. Recapitulation and Conclusion. Darwin has published a large number of books and articles on geology, biology, ect .. Today, evolution (Synthetic Theory of Evolution) is based on a very large number of specialty : Paleontology and other Earth sciences, taxonomic, Molecular biology, Ethology, Ecology, Physiology, Cel. Biology, .......... TODAY, HOW RESEARCHERS SEE THE THEORY OF EVOLUTION IN THE LIGHT OF INNUMERABLE DISCOVERIES OF MODERN SCIENCE? ","Just a thought; evolution is an essential aspect of a dynamic world, i.e., in which time exists. Let us assume two states, A and B occur at different times. From a dynamics point of view, a stable system will reach an equilibrium point after the introduction of certain disruptions in the system. The disruptions cause the system to undergo transient state, i.e., an evolution from one point (A) to another (B) until it reaches an equilibrium point, thereafter the system state becaomes constant if no further disruption is introduced to it. A world can be viewed as a system with a collection of all matters (animated and unanimated) and energy (in all sorts of forms). From time to time certain species of plants, animals or insects emerge while others disappear, however the total mass-energy remains the same in the system. The animals or plants that continue to exist from state to state must evolve according to the criterion (or criteria) imposed by the system, otherwise, they too will completely disappear and replaced by other forms of objects, whose existence fulfill the crietrion set by the system. The question now becomes, in our world what is this criterion? If we know about this criterion, then it is possible to predict our next evelotuion, and the evolution of our enviornments even before they take place."," 1. The theory of evolution is a scientific theory.

2. The theory of evolution is based on a large number of scientific disciplines.
3. The theory of evolution is based on a large number of scientific disciplines.
4. The theory of evolution is based on a large number of scientific disciplines.
5. The theory of evolution is based on a large number of scientific disciplines.
6. The theory of evolution is based on a large number of scientific disciplines.
7. The theory of evolution is based on a large number of scientific disciplines.
8. The theory of evolution is based on a large number of scientific disciplines.
9. The theory of evolution is based on a large number of scientific disciplines.
10. The theory of evolution is based on a large number of scientific disciplines.
11. The theory of evolution is based on a large number of scientific disciplines.
12. The theory"
What mathematical techniques are employed in the analysis and interpretation of microseismic data for reservoir monitoring? ,"1. Signal processing: This involves techniques for filtering, time-domain and frequency-domain analysis, normalization, and interpretation of the recorded microseismic signals.

2. Geostatistics: This involves spatial analysis to characterize the distribution of microseismic events in the reservoir, including clustering, spatial correlation, variogram analysis, and kriging interpolation.

3. Inversion techniques: This involves the inversion of microseismic data to obtain information on the location, geometry, and magnitude of the source of events, based on models and assumptions about the velocity structure of the subsurface.

4. Statistical analysis: This involves the use of statistical methods for data reduction, hypothesis testing, regression analysis, and modeling of the relationship between microseismic data and other variables of interest, such as reservoir properties and production performance.

5. Machine learning: This involves the use of machine learning algorithms for pattern recognition, classification, clustering, and prediction of microseismic data, based on training data and input feature selection."," 2014

The microseismic data is acquired in the form of waveforms. The waveforms are then processed to extract the arrival times of the P and S waves. The arrival times are then used to calculate the hypocenter location of the microseismic event. The hypocenter location is then used to calculate the moment tensor of the microseismic event. The moment tensor is then used to calculate the stress drop of the microseismic event. The stress drop is then used to calculate the fracture toughness of the rock. The fracture toughness is then used to calculate the fracture energy of the rock. The fracture energy is then used to calculate the fracture toughness of the rock. The fracture toughness is then used to calculate the fracture energy of the rock. The fracture energy is then used to calculate the fracture toughness of the rock. The fracture toughness is then used to calculate the"
Name three common sources of energy that can be used to generate electricity. ,"Three common sources of energy that can be used to generate electricity are:
1. Fossil fuels: Coal, oil, and natural gas are the most widely-used sources for generating electricity. They are burned in power plants to heat water and create steam, which drives turbines to generate electricity.

2. Renewable energy: Renewable sources such as solar, wind, geothermal, hydroelectric, and biomass can also be used to generate electricity. Solar panels, wind turbines, and hydroelectric dams use the energy from the sun, wind, and water to create electricity, while geothermal power plants use the heat from the earth.

3. Nuclear energy: Nuclear energy is another common source of electricity. Nuclear power plants use the heat generated from nuclear reactions to create steam, which drives turbines to generate electricity.", 1. Name three common sources of energy that can be used to generate electricity. 
Run a sentiment analysis on the tweet.Love the new update! ,"The sentiment analysis of the tweet ""Love the new update!"" is positive."," 1.0.5 is now available for download!

### EOS 1.0.5 is now available for download!

EOS 1.0.5 is now available for download!

### EOS 1.0.5 is now available for download!

EOS 1.0.5 is now available for download!

### EOS 1.0.5 is now available for download!

EOS 1.0.5 is now available for download!

### EOS 1.0.5 is now available for download!

EOS 1.0.5 is now available for download!

### EOS 1.0.5 is now available for download!

EOS 1.0.5 is now available for download!

### EOS 1.0.5 is now available for download!

EOS 1."
"What information do you have about titles, styles and honours in the context of princess christina of the netherlands? ","With regard to titles, styles and honours and its relevance to princess christina of the netherlands, "," 1953-1963: Princess of the Netherlands, Princess of Orange-Nassau, Princess of Lippe-Biesterfeld.

## What is the title of Princess Christina of the Netherlands?

Princess Christina of the Netherlands, Princess of Orange-Nassau, Princess of Lippe-Biesterfeld (Christina Beatrix; born 18 February 1947) is the youngest sister of former Queen Beatrix of the Netherlands and the fourth daughter of Queen Juliana and Prince Bernhard of Lippe-Biesterfeld.

## What is the title of Princess Christina of the Netherlands?

Princess Christina of the Netherlands, Princess of Orange-Nassau, Princess of Lippe-Biesterfeld (Christina Beatrix; born 18 February 1947) is the youngest sister of former Queen Beatrix of the Netherlands and the"
"You are given a question on high school biology. You are also given 4 answer options (associated with ""A"", ""B"", ""C"", ""D""), out of which only one is correct. You need to answer the question by selecting the correct option. You should only answer with the choice letter, not the whole answer.
The upper forelimbs of humans and bats have fairly similar skeletal structures, whereas the corresponding bones in whales have very different shapes and proportions. However, genetic data suggest that all three kinds of organisms diverged from a common ancestor at about the same time. Which of the following is the most likely explanation for these data?
Choose from:
A. Humans and bats evolved by natural selection, and whales evolved by Lamarckian mechanisms. 
B. Forelimb evolution was adaptive in people and bats, but not in whales. 
C. Natural selection in an aquatic environment resulted in significant changes to whale forelimb anatomy. 
D. Genes mutate faster in whales than in humans or bats.
The answer is:
 ",C," 







































































































































































































"
